{
    "MEAPE_IOPS": {
        "mean": 44.3104634528541,
        "std": 10.439706433616529
    },
    "MEAPE_LAT": {
        "mean": 236031.5017105657,
        "std": 40908.67291206591
    },
    "SEAPE_IOPS": {
        "mean": 2053.121625445372,
        "std": 603.032543346537
    },
    "SEAPE_LAT": {
        "mean": 4682285.2448176425,
        "std": 603.032543346537
    }
}