{
    "MEAPE_IOPS": {
        "mean": 189.35476569430656,
        "std": 2.2547930855722726
    },
    "MEAPE_LAT": {
        "mean": 187.0734099190662,
        "std": 5.514772308593568
    },
    "SEAPE_IOPS": {
        "mean": 99.9999999958353,
        "std": 1.3371624765488356e-09
    },
    "SEAPE_LAT": {
        "mean": 99.99999999998927,
        "std": 1.3371624765488356e-09
    }
}