{
    "MEAPE_IOPS": {
        "mean": 64.41593175610882,
        "std": 0.7217233103851134
    },
    "MEAPE_LAT": {
        "mean": 120.564576809147,
        "std": 1.5752158513079566
    },
    "SEAPE_IOPS": {
        "mean": 99.99999999740032,
        "std": 1.1435475766718825e-09
    },
    "SEAPE_LAT": {
        "mean": 99.9999999999904,
        "std": 1.1435475766718825e-09
    }
}