{
    "cache": {
        "IOPS": [
            3.775313359209885,
            1.6875892864208855
        ],
        "LAT": [
            26.437634312554092,
            8.006082227381103
        ]
    },
    "pools_hdd_sequential.csv": {
        "IOPS": [
            22.895838556040577,
            1.0834768144340197
        ],
        "LAT": [
            17.371790581225344,
            2.0228010063406905
        ]
    },
    "pools_ssd_sequential.csv": {
        "IOPS": [
            58.266892074283284,
            3.1119452912306063
        ],
        "LAT": [
            40.430136900576024,
            0.760850162250151
        ]
    }
}