{
    "cache": {
        "MEAPE_IOPS": 610.4514397793216,
        "MEAPE_LAT": 167.10626499576745,
        "SEAPE_IOPS": 589.0637714784219,
        "SEAPE_LAT": 329.2566435979834
    },
    "pools_hdd_sequential": {
        "MEAPE_IOPS": 104.18275599302339,
        "MEAPE_LAT": 237.45829324062507,
        "SEAPE_IOPS": 99.99999999493963,
        "SEAPE_LAT": 99.99999999999912
    },
    "pools_ssd_sequential": {
        "MEAPE_IOPS": 93.38234484057394,
        "MEAPE_LAT": 58.500303101765525,
        "SEAPE_IOPS": 101.16485916530131,
        "SEAPE_LAT": 263.78896882556205
    }
}