{
    "cache": {
        "MEAPE_IOPS": {
            "mean": 200.91070076426337,
            "std": 2.9285785183743265
        },
        "MEAPE_LAT": {
            "mean": 79.32025162454558,
            "std": 1.285744229142456
        },
        "SEAPE_IOPS": {
            "mean": 202.358701281283,
            "std": 2.7462409326898793
        },
        "SEAPE_LAT": {
            "mean": 104.46559825119215,
            "std": 2.7462409326898793
        }
    },
    "pools_hdd_sequential": {
        "MEAPE_IOPS": {
            "mean": 139.41601697675304,
            "std": 3.4856485298599003
        },
        "MEAPE_LAT": {
            "mean": 177.49423759672675,
            "std": 7.415026497774826
        },
        "SEAPE_IOPS": {
            "mean": 99.99999999567495,
            "std": 2.994771551990845e-10
        },
        "SEAPE_LAT": {
            "mean": 99.99999999999935,
            "std": 2.994771551990845e-10
        }
    },
    "pools_ssd_sequential": {
        "MEAPE_IOPS": {
            "mean": 248.5652372162823,
            "std": 6.834450462476718
        },
        "MEAPE_LAT": {
            "mean": 120.03831133337442,
            "std": 4.4121373123981025
        },
        "SEAPE_IOPS": {
            "mean": 191.1590976681119,
            "std": 1.3407278244151986
        },
        "SEAPE_LAT": {
            "mean": 196.4907850287093,
            "std": 1.3407278244151986
        }
    }
}