{
    "MEAPE_IOPS": {
        "mean": 43.95425651164381,
        "std": 13.41607625226337
    },
    "MEAPE_LAT": {
        "mean": 1037.5655669416155,
        "std": 119.38947229739222
    },
    "SEAPE_IOPS": {
        "mean": 110.62266591961915,
        "std": 17.197809867781633
    },
    "SEAPE_LAT": {
        "mean": 1499.3065566013904,
        "std": 17.197809867781633
    }
}