{
    "MEAPE_IOPS": {
        "mean": 51.5771350474147,
        "std": 4.162937464446036
    },
    "MEAPE_LAT": {
        "mean": 54.76649328809294,
        "std": 2.316999440913404
    },
    "SEAPE_IOPS": {
        "mean": 71.27259341818299,
        "std": 2.001080150457299
    },
    "SEAPE_LAT": {
        "mean": 136.85134299243745,
        "std": 2.001080150457299
    }
}