{
    "MEAPE_IOPS": {
        "mean": 48.337984044983,
        "std": 6.01782018328468
    },
    "MEAPE_LAT": {
        "mean": 43.206899464717736,
        "std": 2.1449719171099364
    },
    "SEAPE_IOPS": {
        "mean": 78.75764737723779,
        "std": 4.271004401295808
    },
    "SEAPE_LAT": {
        "mean": 84.50005437497111,
        "std": 4.271004401295808
    }
}