{
    "MEAPE_IOPS": {
        "mean": 65.76202942436194,
        "std": 2.551032404320995
    },
    "MEAPE_LAT": {
        "mean": 93.48965955181012,
        "std": 6.7550566009673805
    },
    "SEAPE_IOPS": {
        "mean": 90.16743775900949,
        "std": 2.0704021752936903
    },
    "SEAPE_LAT": {
        "mean": 258.7055745735372,
        "std": 2.0704021752936903
    }
}