{
    "MEAPE_IOPS": {
        "mean": 305.28785233452845,
        "std": 121.03232719055255
    },
    "MEAPE_LAT": {
        "mean": 2141.0221845853785,
        "std": 519.6915845985096
    },
    "SEAPE_IOPS": {
        "mean": 2084.6656454672016,
        "std": 759.5328881050647
    },
    "SEAPE_LAT": {
        "mean": 10185.070267326068,
        "std": 759.5328881050647
    }
}