{
    "MEAPE_IOPS": {
        "mean": 59.78672828591181,
        "std": 9.231106998324908
    },
    "MEAPE_LAT": {
        "mean": 117.124137154559,
        "std": 5.451006056719325
    },
    "SEAPE_IOPS": {
        "mean": 82.68530339579507,
        "std": 1.1715157810390535
    },
    "SEAPE_LAT": {
        "mean": 160.381098755486,
        "std": 1.1715157810390535
    }
}