{
    "MEAPE_IOPS": {
        "mean": 71.7894429039628,
        "std": 9.109299594087657
    },
    "MEAPE_LAT": {
        "mean": 13307329.515651964,
        "std": 2121571.88271077
    },
    "SEAPE_IOPS": {
        "mean": 831.5648259037084,
        "std": 101.42138620849705
    },
    "SEAPE_LAT": {
        "mean": 104665750.32035014,
        "std": 101.42138620849705
    }
}