{
    "MEAPE_IOPS": {
        "mean": 66.60688926224448,
        "std": 2.1565118692765566
    },
    "MEAPE_LAT": {
        "mean": 215.8423157235066,
        "std": 6.620511406582819
    },
    "SEAPE_IOPS": {
        "mean": 99.99999999632362,
        "std": 1.0456360545572686e-09
    },
    "SEAPE_LAT": {
        "mean": 99.99999999999855,
        "std": 1.0456360545572686e-09
    }
}