{
    "MEAPE_IOPS": {
        "mean": 87.95204056955698,
        "std": 3.2773675770486363
    },
    "MEAPE_LAT": {
        "mean": 450.6159585087792,
        "std": 19.392704376655054
    },
    "SEAPE_IOPS": {
        "mean": 99.99999999610702,
        "std": 3.548934537920884e-10
    },
    "SEAPE_LAT": {
        "mean": 99.99999999999841,
        "std": 3.548934537920884e-10
    }
}