,"(mean, std)"
MMD (RBF),"(0.21007120043802338, 0.2632647852738555)"
FD,"(1155831797.9438133, 3.466438692685761)"
MEAPE_IOPS,"(42790.048885303986, 4.60306101653476)"
MEAPE_LAT,"(1.2229576034036356, 2.2310925208290517)"
SEAPE_IOPS,"(5434846.569419783, 145.13675870608222)"
SEAPE_LAT,"(128.70748977761681, 102.00203244600524)"
