,"(mean, std)"
MMD (RBF),"(0.4550208837781615, 0.41587353641825997)"
FD,"(8.913452202858957e+18, 724974.8547611467)"
MEAPE_IOPS,"(6170.398293071827, 140.06117956160222)"
MEAPE_LAT,"(783271863.4430938, 308.48851693500797)"
SEAPE_IOPS,"(25055.6757145449, 1301.4061545706963)"
SEAPE_LAT,"(203777796361.44534, 59830.39441322207)"
