,"(mean, std)"
MMD (RBF),"(0.3940042972634285, 0.2694381421906722)"
FD,"(7.891539602878793, 4.26307317253991)"
MEAPE_IOPS,"(3.9547914370931885, 3.135845917620462)"
MEAPE_LAT,"(6.196260005345477, 7.15125716038431)"
SEAPE_IOPS,"(22.297133094823607, 49.30915174146257)"
SEAPE_LAT,"(32.66559612167941, 40.18323769331849)"
