,"(mean, std)"
MMD (RBF),"(0.5213811359761461, 0.5224795898222143)"
FD,"(20096.570684503014, 11317.69828580051)"
MEAPE_IOPS,"(10.922913753569452, 22.825525904854846)"
MEAPE_LAT,"(362.544847823336, 438.1176393059462)"
SEAPE_IOPS,"(60.81179500031094, 9.99902579794804)"
SEAPE_LAT,"(1773.5460002685295, 1350.2942011641435)"
