,"(mean, std)"
MMD (RBF),"(0.06330608595108775, 0.5807519522296127)"
FD,"(0.7399474580772667, 14.20913705284438)"
MEAPE_IOPS,"(1.034221939358868, 3.715529829921259)"
MEAPE_LAT,"(1.990601846984838, 11.176380511663888)"
SEAPE_IOPS,"(20.190915021562674, 6.408432840653222)"
SEAPE_LAT,"(14.712318485897725, 10.711392883572273)"
