,"(mean, std)"
MMD (RBF),"(0.7640324147397333, 0.8139942837985491)"
FD,"(40805.463713506375, 56805.159334702046)"
MEAPE_IOPS,"(852.6338741798886, 984.8076179875578)"
MEAPE_LAT,"(124.99932861686416, 141.79557779452924)"
SEAPE_IOPS,"(1269.2542913602865, 1026.7255668814014)"
SEAPE_LAT,"(303.33683318121757, 97.84515948024512)"
