,"(mean, std)"
MMD (RBF),"(0.46250021034575434, 0.18384832599955686)"
FD,"(7.256996770584739, 7.55565053519153)"
MEAPE_IOPS,"(11.297885728199452, 3.232164337528199)"
MEAPE_LAT,"(1.953416827822164, 4.798055599080035)"
SEAPE_IOPS,"(32.95235534590155, 123.68953473465984)"
SEAPE_LAT,"(12.406873676843237, 129.44831992517587)"
