,"(mean, std)"
MMD (RBF),"(0.585989091657129, 0.5026117713907474)"
FD,"(708.6612489478412, 662.7904344485225)"
MEAPE_IOPS,"(72.95668398951544, 69.43246141577546)"
MEAPE_LAT,"(25.900249865428872, 44.13890225090621)"
SEAPE_IOPS,"(164.80769527719005, 134.0770234864726)"
SEAPE_LAT,"(63.82994374839128, 93.63125713191928)"
